,Task,Title
0,"Inspect layouts and advertising copy, and edit scripts, audio, video, and other promotional material for adherence to specifications.",Advertising and Promotions Managers
1,Coordinate with the media to disseminate advertising.,Advertising and Promotions Managers
2,Prepare budgets and submit estimates for program costs as part of campaign plan development.,Advertising and Promotions Managers
20,"Examine, evaluate, or process loan applications.",Financial Managers
26,"Monitor financial activities and details, such as cash flow and reserve levels, to ensure that all legal and regulatory requirements are met.",Treasurers and Controllers
27,"Receive, record, and authorize requests for disbursements in accordance with company policies and procedures.",Treasurers and Controllers
28,"Coordinate and direct the financial planning, budgeting, procurement, or investment activities of all or part of an organization.",Treasurers and Controllers
29,"Analyze the financial details of past, present, and expected operations to identify development opportunities and areas where improvement is needed.",Treasurers and Controllers
30,"Compute, withhold, and account for all payroll deductions.",Treasurers and Controllers
38,Review and update standard operating procedures or quality assurance manuals.,Quality Control Systems Managers
39,Monitor performance of quality control systems to ensure effectiveness and efficiency.,Quality Control Systems Managers
40,Review quality documentation necessary for regulatory submissions and inspections.,Quality Control Systems Managers
41,Analyze quality control test results and provide feedback and interpretation to production management or staff.,Quality Control Systems Managers
42,"Direct the tracking of defects, test results, or other regularly reported quality control data.",Quality Control Systems Managers
43,"Produce reports regarding nonconformance of products or processes, daily production quality, root cause analyses, or quality trends.",Quality Control Systems Managers
44,"Communicate quality control information to all relevant organizational departments, outside vendors, or contractors.",Quality Control Systems Managers
46,Create and implement inspection and testing criteria or procedures.,Quality Control Systems Managers
47,"Document testing procedures, methodologies, or criteria.",Quality Control Systems Managers
48,"Review logs, datasheets, or reports to ensure adequate production levels or to identify abnormalities with biofuels production equipment or processes.",Biofuels Production Managers
49,"Monitor meters, flow gauges, or other real-time data to ensure proper operation of biofuels production equipment, implementing corrective measures as needed.",Biofuels Production Managers
50,"Adjust temperature, pressure, vacuum, level, flow rate, or transfer of biofuels to maintain processes at required levels.",Biofuels Production Managers
51,"Approve proposals for the acquisition, replacement, or repair of biofuels processing equipment or the implementation of new production processes.",Biofuels Production Managers
52,Prepare and manage biofuels plant or unit budgets.,Biofuels Production Managers
53,"Conduct cost, material, and efficiency studies for biofuels production plants or operations.",Biofuels Production Managers
63,Prepare bid awards requiring board approval.,Purchasing Managers
64,"Locate vendors of materials, equipment or supplies, and interview them to determine product availability and terms of sales.",Purchasing Managers
65,Prepare and process requisitions and purchase orders for supplies and equipment.,Purchasing Managers
66,"Review, evaluate, and approve specifications for issuing and awarding bids.",Purchasing Managers
67,Review purchase order claims and contracts for conformance to company policy.,Purchasing Managers
68,Administer online purchasing systems.,Purchasing Managers
69,Maintain records of goods ordered and received.,Purchasing Managers
70,Analyze market and delivery systems to assess present and future material availability.,Purchasing Managers
71,Prepare reports regarding market conditions and merchandise costs.,Purchasing Managers
72,"Determine appropriate equipment and staffing levels to load, unload, move, or store materials.",Supply Chain Managers
73,"Manage activities related to strategic or tactical purchasing, material requirements planning, controlling inventory, warehousing, or receiving.",Supply Chain Managers
74,Select transportation routes to maximize economy by combining shipments or consolidating warehousing and distribution.,Supply Chain Managers
75,"Develop procedures for coordination of supply chain management with other functional areas, such as sales, marketing, finance, production, or quality assurance.",Supply Chain Managers
76,"Analyze inventories to determine how to increase inventory turns, reduce waste, or optimize customer service.",Supply Chain Managers
77,Analyze information about supplier performance or procurement program success.,Supply Chain Managers
78,Monitor suppliers' activities to assess performance in meeting quality or delivery requirements.,Supply Chain Managers
79,Monitor forecasts and quotas to identify changes and predict effects on supply chain activities.,Supply Chain Managers
80,"Document physical supply chain processes, such as workflows, cycle times, position responsibilities, or system flows.",Supply Chain Managers
81,"Provide current and prospective employees with information about policies, job duties, working conditions, wages, opportunities for promotion, and employee benefits.",Human Resources Managers
82,"Administer compensation, benefits, and performance management systems, and safety and recreation programs.",Human Resources Managers
83,Analyze statistical data and reports to identify and determine causes of personnel problems and develop recommendations for improvement of organization's personnel policies and practices.,Human Resources Managers
84,"Maintain records and compile statistical reports concerning personnel-related data such as hires, transfers, performance appraisals, and absenteeism rates.",Human Resources Managers
85,"Develop, administer, and evaluate applicant tests.",Human Resources Managers
86,"Develop and maintain computerized record management systems to store and process data, such as personnel activities and information, and to produce reports.",Medical and Health Services Managers
87,"Conduct and administer fiscal operations, including accounting, planning budgets, authorizing expenditures, establishing rates for services, and coordinating financial reporting.",Medical and Health Services Managers
88,"Maintain awareness of advances in medicine, computerized diagnostic and treatment equipment, data processing technology, government regulations, health insurance changes, and financing options.",Medical and Health Services Managers
89,"Establish work schedules and assignments for staff, according to workload, space, and equipment availability.",Medical and Health Services Managers
90,Review and analyze facility activities and data to aid planning and cash and risk management and to improve service utilization.,Medical and Health Services Managers
91,"Prepare activity reports to inform management of the status and implementation plans of programs, services, and quality initiatives.",Medical and Health Services Managers
92,"Schedule subjects for appointments, procedures, or inpatient stays as required by study protocols.",Clinical Research Coordinators
93,"Prepare study-related documentation, such as protocol worksheets, procedural manuals, adverse event reports, institutional review board documents, or progress reports.",Clinical Research Coordinators
94,Record adverse event and side effect data and confer with investigators regarding the reporting of events to oversight agencies.,Clinical Research Coordinators
95,"Maintain required records of study activity including case report forms, drug dispensation records, or regulatory forms.",Clinical Research Coordinators
96,"Review proposed study protocols to evaluate factors such as sample collection processes, data management plans, or potential subject risks.",Clinical Research Coordinators
97,"Collaborate with investigators to prepare presentations or reports of clinical study procedures, results, and conclusions.",Clinical Research Coordinators
98,Track enrollment status of subjects and document dropout information such as dropout causes and subject contact efforts.,Clinical Research Coordinators
99,"Code, evaluate, or interpret collected study data.",Clinical Research Coordinators
100,Maintain contact with sponsors to schedule and coordinate site visits or to answer questions about issues such as incomplete data.,Clinical Research Coordinators
101,Order drugs or devices necessary for study completion.,Clinical Research Coordinators
102,Communicate with laboratories or investigators regarding laboratory findings.,Clinical Research Coordinators
103,"Review scientific literature, participate in continuing education activities, or attend conferences and seminars to maintain current knowledge of clinical studies affairs and issues.",Clinical Research Coordinators
104,Contact industry representatives to ensure equipment and software specifications necessary for successful study completion.,Clinical Research Coordinators
105,Register protocol patients with appropriate statistical centers as required.,Clinical Research Coordinators
106,Provide responses to regulatory agencies regarding product information or issues.,Regulatory Affairs Managers
107,"Direct the preparation and submission of regulatory agency applications, reports, or correspondence.",Regulatory Affairs Managers
108,"Review all regulatory agency submission materials to ensure timeliness, accuracy, comprehensiveness, or compliance with regulatory standards.",Regulatory Affairs Managers
109,"Maintain current knowledge of relevant regulations, including proposed and final rules.",Regulatory Affairs Managers
110,Review materials such as marketing literature or user manuals to ensure that regulatory agency requirements are met.,Regulatory Affairs Managers
111,Monitor emerging trends regarding industry regulations to determine potential impacts on organizational processes.,Regulatory Affairs Managers
112,Develop and maintain standard operating procedures or local working practices.,Regulatory Affairs Managers
113,Implement or monitor complaint processing systems to ensure effective and timely resolution of all complaint investigations.,Regulatory Affairs Managers
128,Monitor and follow applicable laws and regulations.,"Purchasing Agents, Except Wholesale, Retail, and Farm Products"
129,"Prepare purchase orders, solicit bid proposals, and review requisitions for goods and services.","Purchasing Agents, Except Wholesale, Retail, and Farm Products"
130,"Analyze price proposals, financial reports, and other data and information to determine reasonable prices.","Purchasing Agents, Except Wholesale, Retail, and Farm Products"
131,"Maintain and review computerized or manual records of purchased items, costs, deliveries, product performance, and inventories.","Purchasing Agents, Except Wholesale, Retail, and Farm Products"
132,"Research and evaluate suppliers, based on price, quality, selection, service, support, availability, reliability, production and distribution capabilities, and the supplier's reputation and history.","Purchasing Agents, Except Wholesale, Retail, and Farm Products"
133,"Monitor shipments to ensure that goods come in on time, and resolve problems related to undelivered goods.","Purchasing Agents, Except Wholesale, Retail, and Farm Products"
134,Study sales records and inventory levels of current stock to develop strategic purchasing programs that facilitate employee access to supplies.,"Purchasing Agents, Except Wholesale, Retail, and Farm Products"
135,"Write and review product specifications, maintaining a working technical knowledge of the goods or services to be purchased.","Purchasing Agents, Except Wholesale, Retail, and Farm Products"
136,"Review catalogs, industry periodicals, directories, trade journals, and Internet sites and consult with other department personnel to locate necessary goods and services.","Purchasing Agents, Except Wholesale, Retail, and Farm Products"
148,"Evaluate applications, records, or documents to gather information about eligibility or liability issues.",Compliance Officers
149,"Advise licensees or other individuals or groups concerning licensing, permit, or passport regulations.",Compliance Officers
150,"Prepare reports of activities, evaluations, recommendations, or decisions.",Compliance Officers
151,Report law or regulation violations to appropriate boards or agencies.,Compliance Officers
153,Prepare correspondence to inform concerned parties of licensing decisions or appeals processes.,Compliance Officers
155,"Communicate with regulatory agencies regarding pre-submission strategies, potential regulatory pathways, compliance test requirements, or clarification and follow-up of submissions under review.",Regulatory Affairs Specialists
157,"Coordinate, prepare, or review regulatory submissions for domestic or international projects.",Regulatory Affairs Specialists
159,Interpret regulatory rules or rule changes and ensure that they are communicated through corporate policies and procedures.,Regulatory Affairs Specialists
160,Determine the types of regulatory submissions or internal documentation that are required in situations such as proposed device changes or labeling changes.,Regulatory Affairs Specialists
163,"Identify relevant guidance documents, international standards, or consensus standards.",Regulatory Affairs Specialists
165,"Maintain current knowledge base of existing and emerging regulations, standards, or guidance documents.",Regulatory Affairs Specialists
166,Compile and maintain regulatory documentation databases or systems.,Regulatory Affairs Specialists
179,Collect historical cost data to estimate costs for current or future products.,Cost Estimators
180,"Prepare estimates used by management for purposes such as planning, organizing, and scheduling work.",Cost Estimators
181,"Analyze blueprints and other documentation to prepare time, cost, materials, and labor estimates.",Cost Estimators
182,"Assess cost effectiveness of products, projects or services, tracking actual costs relative to bids as the project develops.",Cost Estimators
183,Set up cost monitoring and reporting systems and procedures.,Cost Estimators
184,"Prepare and maintain a directory of suppliers, contractors and subcontractors.",Cost Estimators
185,Review material and labor requirements to decide whether it is more cost-effective to produce or purchase components.,Cost Estimators
186,Prepare cost and expenditure statements and other necessary documentation at regular intervals for the duration of the project.,Cost Estimators
187,Hire employees and process hiring-related paperwork.,Human Resources Specialists
188,"Prepare or maintain employment records related to events, such as hiring, termination, leaves, transfers, or promotions, using human resources management system software.",Human Resources Specialists
189,Review employment applications and job orders to match applicants with job requirements.,Human Resources Specialists
190,"Inform job applicants of details such as duties and responsibilities, compensation, benefits, schedules, working conditions, or promotion opportunities.",Human Resources Specialists
191,Contact job applicants to inform them of the status of their applications.,Human Resources Specialists
192,"Perform searches for qualified job candidates, using sources such as computer databases, networking, Internet recruiting resources, media advertisements, job fairs, recruiting firms, or employee referrals.",Human Resources Specialists
193,Analyze employment-related data and prepare required reports.,Human Resources Specialists
194,Administer employee benefit plans.,Human Resources Specialists
195,"Schedule or administer skill, intelligence, psychological, or drug tests for current or prospective employees.",Human Resources Specialists
196,Conduct reference or background checks on job applicants.,Human Resources Specialists
197,"Review and evaluate applicant qualifications or eligibility for specified licensing, according to established guidelines and designated licensing codes.",Human Resources Specialists
209,Maintain databases of logistics information.,Logistics Analysts
210,"Remotely monitor the flow of vehicles or inventory, using Web-based logistics information systems to track vehicles or containers.",Logistics Analysts
211,"Communicate with or monitor service providers, such as ocean carriers, air freight forwarders, global consolidators, customs brokers, or trucking companies.",Logistics Analysts
212,Track product flow from origin to final delivery.,Logistics Analysts
213,"Interpret data on logistics elements, such as availability, maintainability, reliability, supply chain management, strategic sourcing or distribution, supplier management, or transportation.",Logistics Analysts
214,Recommend improvements to existing or planned logistics processes.,Logistics Analysts
215,"Apply analytic methods or tools to understand, predict, or control logistics operations or processes.",Logistics Analysts
216,Prepare reports on logistics performance measures.,Logistics Analysts
217,Enter logistics-related data into databases.,Logistics Analysts
218,"Provide ongoing analyses in areas such as transportation costs, parts procurement, back orders, or delivery processes.",Logistics Analysts
219,"Analyze logistics data, using methods such as data mining, data modeling, or cost or benefit analysis.",Logistics Analysts
220,"Monitor inventory transactions at warehouse facilities to assess receiving, storage, shipping, or inventory integrity.",Logistics Analysts
221,Maintain logistics records in accordance with corporate policies.,Logistics Analysts
223,"Compute reporting metrics, such as on-time delivery rates, order fulfillment rates, or inventory turns.",Logistics Analysts
228,Develop or maintain freight rate databases for use by supply chain departments to determine the most economical modes of transportation.,Logistics Analysts
229,"Route or reroute drivers in real time with remote route navigation software, satellite linkup systems, or global positioning systems (GPS) to improve operational efficiencies.",Logistics Analysts
230,Determine packaging requirements.,Logistics Analysts
232,Write and send letters of thanks to donors.,Fundraisers
233,Create or update donor databases.,Fundraisers
234,Develop strategies to encourage new or increased contributions.,Fundraisers
235,"Develop or implement fundraising activities, such as annual giving campaigns or direct mail programs.",Fundraisers
236,"Conduct research to identify the goals, net worth, charitable donation history, or other data related to potential donors, potential investors, or general donor markets.",Fundraisers
237,Monitor progress of fundraising drives.,Fundraisers
238,Write reports or prepare presentations to communicate fundraising program data.,Fundraisers
239,"Design or produce materials such as posters, Web sites, or newsletters to promote, market, or advertise fundraising events.",Fundraisers
240,"Write speeches, press releases, or other promotional materials to increase awareness of the causes, missions, or goals of organizations seeking funds.",Fundraisers
241,"Monitor budgets, expense reports, or other financial data for fundraising organizations.",Fundraisers
247,"Obtain, organize, or develop training procedure manuals, guides, or course materials, such as handouts or visual materials.",Training and Development Specialists
248,"Evaluate modes of training delivery, such as in-person or virtual, to optimize training effectiveness, training costs, or environmental impacts.",Training and Development Specialists
249,"Monitor, evaluate, or record training activities or program effectiveness.",Training and Development Specialists
250,"Design, plan, organize, or direct orientation and training programs for employees or customers.",Training and Development Specialists
251,Develop alternative training methods if expected improvements are not seen.,Training and Development Specialists
252,"Evaluate training materials prepared by instructors, such as outlines, text, or handouts.",Training and Development Specialists
253,Monitor training costs and prepare budget reports to justify expenditures.,Training and Development Specialists
254,Devise programs to develop executive potential among employees in lower-level positions.,Training and Development Specialists
255,"Keep up with developments in area of expertise by reading current journals, books, or magazine articles.",Training and Development Specialists
256,"Schedule classes based on availability of classrooms, equipment, or instructors.",Training and Development Specialists
257,Manage tracking and reporting of search-related activities and provide analyses to marketing executives.,Search Marketing Strategists
258,"Optimize digital assets, such as text, graphics, or multimedia assets, for search engine optimization (SEO) or for display and usability on internet-connected devices.",Search Marketing Strategists
259,"Collect and analyze Web metrics, such as visits, time on site, page views per visit, transaction volume and revenue, traffic mix, click-through rates, conversion rates, cost per acquisition, or cost per click.",Search Marketing Strategists
260,Participate in the development or implementation of online marketing strategy.,Search Marketing Strategists
261,Optimize Web site exposure by analyzing search engine patterns to direct online placement of keywords or other content.,Search Marketing Strategists
262,Assist in setting up or optimizing analytics tools for tracking visitors' behaviors.,Search Marketing Strategists
263,Identify appropriate Key Performance Indicators (KPIs) and report key metrics from digital campaigns.,Search Marketing Strategists
264,Create content strategies for digital media.,Search Marketing Strategists
265,Combine secondary data sources with keyword research to more accurately profile and satisfy user intent.,Search Marketing Strategists
266,Optimize shopping cart experience or Web site conversion rates against Key Performance Indicators (KPIs).,Search Marketing Strategists
267,"Improve search-related activities through ongoing analysis, experimentation, or optimization tests, using A/B or multivariate methods.",Search Marketing Strategists
268,"Conduct online marketing initiatives, such as paid ad placement, affiliate programs, sponsorship programs, email promotions, or viral marketing campaigns on social media Web sites.",Search Marketing Strategists
269,"Conduct market research analysis to identify search query trends, real-time search and news media activity, popular social media topics, electronic commerce trends, market opportunities, or competitor performance.",Search Marketing Strategists
270,Propose online or multiple-sales-channel campaigns to marketing executives.,Search Marketing Strategists
271,"Communicate and collaborate with merchants, Webmasters, bloggers, or online editors to strategically place hyperlinks.",Search Marketing Strategists
272,"Collaborate with Web, multimedia, or art design staffs to create multimedia Web sites or other internet content that conforms to brand and company visual format.",Search Marketing Strategists
274,Execute or manage social media campaigns to inform search marketing tactics.,Search Marketing Strategists
275,"Monitor or track sustainability indicators, such as energy usage, natural resource usage, waste generation, and recycling.",Sustainability Specialists
276,"Assess or propose sustainability initiatives, considering factors such as cost effectiveness, technical feasibility, and acceptance.",Sustainability Specialists
277,Provide technical or administrative support for sustainability programs or issues.,Sustainability Specialists
278,Review and revise sustainability proposals or policies.,Sustainability Specialists
279,Develop reports or presentations to communicate the effectiveness of sustainability initiatives.,Sustainability Specialists
280,Create or maintain plans or other documents related to sustainability projects.,Sustainability Specialists
281,Collect information about waste stream management or green building practices to inform decision makers.,Sustainability Specialists
282,"Research or review regulatory, technical, or market issues related to sustainability.",Sustainability Specialists
283,"Receive and process payments from customers, using electronic transaction services.",Online Merchants
284,"Create, manage, or automate orders or invoices, using order management or invoicing software.",Online Merchants
285,Deliver e-mail confirmation of completed transactions and shipment.,Online Merchants
286,"Correspond with online customers via electronic mail, telephone, or other electronic messaging to address questions or complaints about products, policies, or shipping methods.",Online Merchants
287,Determine and set product prices.,Online Merchants
288,"Calculate purchase subtotals, taxes, and shipping costs for submission to customers.",Online Merchants
289,"Compose descriptions of merchandise for posting to online storefront, auction sites, or other shopping Web sites.",Online Merchants
290,"Upload digital media, such as photos, video, or scanned images to online storefront, auction sites, or other shopping Web sites.",Online Merchants
291,"Calculate revenue, sales, and expenses, using financial accounting or spreadsheet software.",Online Merchants
292,Cancel orders based on customer requests or inventory or delivery problems.,Online Merchants
293,"Prepare or organize online storefront marketing material, including product descriptions or subject lines, optimizing content to search engine criteria.",Online Merchants
294,Order or purchase merchandise to maintain optimal inventory levels.,Online Merchants
295,Create or maintain database of customer accounts.,Online Merchants
296,"Promote products in online communities through weblog or discussion-forum postings, e-mail marketing programs, or online advertising.",Online Merchants
297,"Investigate products or markets to determine areas for opportunity or viability for merchandising specific products, using online or offline sources.",Online Merchants
303,"Examine and evaluate financial and information systems, recommending controls to ensure system reliability and data integrity.",Accountants and Auditors
304,"Prepare, examine, or analyze accounting records, financial statements, or other financial reports to assess accuracy, completeness, and conformance to reporting and procedural standards.",Accountants and Auditors
305,Prepare adjusting journal entries.,Accountants and Auditors
306,Review accounts for discrepancies and reconcile differences.,Accountants and Auditors
307,"Analyze business operations, trends, costs, revenues, financial commitments, and obligations to project future revenues and expenses or to provide advice.",Accountants and Auditors
308,Report to management regarding the finances of establishment.,Accountants and Auditors
309,"Evaluate taxpayer finances to determine tax liability, using knowledge of interest and discount rates, annuities, valuation of stocks and bonds, and amortization valuation of depletable assets.",Accountants and Auditors
310,"Compute final estimation of property values, taking into account such factors as depreciation, replacement costs, value comparisons of similar properties, and income potential.",Appraisers and Assessors of Real Estate
311,"Prepare written reports that estimate property values, outline methods by which the estimations were made, and meet appraisal standards.",Appraisers and Assessors of Real Estate
312,Collect and analyze relevant data to identify real estate market trends.,Appraisers and Assessors of Real Estate
313,"Prepare and maintain current data on each parcel assessed, including maps of boundaries, inventories of land and structures, property characteristics, and any applicable exemptions.",Appraisers and Assessors of Real Estate
314,Identify the ownership of each piece of taxable property.,Appraisers and Assessors of Real Estate
315,Complete and maintain assessment rolls that show the assessed values and status of all property in a municipality.,Appraisers and Assessors of Real Estate
316,"Review information about transfers of property to ensure its accuracy, checking basic information on buyers, sellers, and sales prices and making corrections as necessary.",Appraisers and Assessors of Real Estate
317,Examine income records and operating costs of income properties.,Appraisers and Assessors of Real Estate
318,"Search public records for transactions such as sales, leases, and assessments.",Appraisers and Assessors of Real Estate
319,Check building codes and zoning bylaws to determine any effects on the properties being appraised.,Appraisers and Assessors of Real Estate
321,Obtain county land values and sales information about nearby properties to aid in establishment of property values.,Appraisers and Assessors of Real Estate
325,"Analyze trends in sales prices, construction costs, and rents, to assess property values or determine the accuracy of assessments.",Appraisers and Assessors of Real Estate
326,Analyze monthly department budgeting and accounting reports to maintain expenditure controls.,Budget Analysts
327,"Examine budget estimates for completeness, accuracy, and conformance with procedures and regulations.",Budget Analysts
328,Direct the preparation of regular and special budget reports.,Budget Analysts
329,"Provide advice and technical assistance with cost analysis, fiscal allocation, and budget preparation.",Budget Analysts
331,Review operating budgets to analyze trends affecting budget needs.,Budget Analysts
336,"Analyze financial data, such as income growth, quality of management, and market share to determine expected profitability of loans.",Credit Analysts
337,"Compare liquidity, profitability, and credit histories of establishments being evaluated with those of similar establishments in the same industries and geographic locations.",Credit Analysts
340,Analyze financial information obtained from clients to determine strategies for meeting clients' financial objectives.,Personal Financial Advisors
342,"Recommend financial products, such as stocks, bonds, mutual funds, or insurance.",Personal Financial Advisors
344,Monitor financial market trends to ensure that client plans are responsive.,Personal Financial Advisors
345,Devise debt liquidation plans that include payoff priorities and timelines.,Personal Financial Advisors
346,"Recommend actions to ensure compliance with laws and regulations, or to protect solvency of institutions.",Financial Examiners
349,Review audit reports of internal and external auditors to monitor adequacy of scope of reports or to discover specific weaknesses in internal routines.,Financial Examiners
350,"Examine the minutes of meetings of directors, stockholders, and committees to investigate the specific authority extended at various levels of management.",Financial Examiners
351,Calculate clients' available monthly income to meet debt obligations.,Credit Counselors
355,"Assess clients' overall financial situations by reviewing income, assets, debts, expenses, credit reports, or other financial information.",Credit Counselors
357,"Estimate time for debt repayment, given amount of debt, interest rates, and available funds.",Credit Counselors
362,"Advise clients or respond to inquiries about financial matters in person or via phone, email, Web site, or Internet chat.",Credit Counselors
363,"Review changes to financial, family, or employment situations to determine whether changes to existing debt management plans, spending plans, or budgets are needed.",Credit Counselors
371,Review loan agreements to ensure that they are complete and accurate according to policy.,Loan Officers
372,Review and update credit and loan files.,Loan Officers
390,"Use all appropriate adjustments, deductions, and credits to keep clients' taxes to a minimum.",Tax Preparers
392,"Review financial records, such as income statements and documentation of expenditures to determine forms needed to prepare tax returns.",Tax Preparers
393,Prepare or assist in preparing simple to complex tax returns for individuals or small businesses.,Tax Preparers
396,Consult tax law handbooks or bulletins to determine procedures for preparation of atypical returns.,Tax Preparers
399,Schedule appointments with clients.,Tax Preparers
402,"Apply mathematical or statistical techniques to address practical issues in finance, such as derivative valuation, securities trading, risk management, or financial market regulation.",Financial Quantitative Analysts
406,"Test, maintain, and monitor computer programs and systems, including coordinating the installation of computer programs and systems.",Computer Systems Analysts
407,Troubleshoot program and system malfunctions to restore normal functioning.,Computer Systems Analysts
409,"Use the computer in the analysis and solution of business problems, such as development of integrated production and inventory control and cost analysis systems.",Computer Systems Analysts
410,"Use object-oriented programming languages, as well as client and server applications development processes and multimedia and Internet technology.",Computer Systems Analysts
414,Specify inputs accessed by the system and plan the distribution and use of the results.,Computer Systems Analysts
415,"Translate nursing practice information between nurses and systems engineers, analysts, or designers, using object-oriented models or other techniques.",Health Informatics Specialists
416,"Design, develop, select, test, implement, and evaluate new or modified informatics solutions, data structures, and decision-support mechanisms to support patients, health care professionals, and their information management and human-computer and human-technology interactions within health care contexts.",Health Informatics Specialists
417,"Analyze and interpret patient, nursing, or information systems data to improve nursing services.",Health Informatics Specialists
418,"Develop, implement, or evaluate health information technology applications, tools, processes, or structures to assist nurses with data management.",Health Informatics Specialists
419,"Identify, collect, record, or analyze data relevant to the nursing care of patients.",Health Informatics Specialists
420,Use informatics science to design or implement health information technology applications for resolution of clinical or health care administrative problems.,Health Informatics Specialists
421,Provide consultation to nurses regarding hardware or software configuration.,Health Informatics Specialists
422,"Analyze computer and information technologies to determine applicability to nursing practice, education, administration, and research.",Health Informatics Specialists
423,"Develop strategies, policies or procedures for introducing, evaluating, or modifying information technology applied to nursing practice, administration, education, or research.",Health Informatics Specialists
425,"Develop plans to safeguard computer files against accidental or unauthorized modification, destruction, or disclosure and to meet emergency data processing needs.",Information Security Analysts
426,Monitor current reports of computer viruses to determine when to update virus protection systems.,Information Security Analysts
428,"Document computer security and emergency measures policies, procedures, and tests.",Information Security Analysts
429,Monitor use of data files and regulate access to safeguard information in computer files.,Information Security Analysts
431,"Apply theoretical expertise and innovation to create or apply new technology, such as adapting principles for applying computers to new uses.",Computer and Information Research Scientists
435,"Approve, prepare, monitor, and adjust operational budgets.",Computer and Information Research Scientists
439,Document network support activities.,Computer Network Support Specialists
440,Configure wide area network (WAN) or local area network (LAN) routers or related equipment.,Computer Network Support Specialists
441,Troubleshoot network or connectivity problems for users or user groups.,Computer Network Support Specialists
445,"Test computer software or hardware, using standard diagnostic testing equipment and procedures.",Computer Network Support Specialists
446,"Monitor industry Web sites or publications for information about patches, releases, viruses, or potential problem identification.",Computer Network Support Specialists
448,Train users in procedures related to network applications software or related systems.,Computer Network Support Specialists
451,Research hardware or software products to meet technical networking or security needs.,Computer Network Support Specialists
456,"Develop training materials and procedures, or train users in the proper use of hardware or software.",Computer User Support Specialists
457,Enter commands and observe system functioning to verify correct operations and detect errors.,Computer User Support Specialists
459,"Prepare evaluations of software or hardware, and recommend improvements or upgrades.",Computer User Support Specialists
460,Modify and customize commercial programs for internal needs.,Computer User Support Specialists
461,"Conduct office automation feasibility studies, including workflow analysis, space design, or cost comparison analysis.",Computer User Support Specialists
462,"Monitor and analyze network performance and reports on data input or output to detect problems, identify inefficient use of computer resources, or perform capacity planning.",Computer Network Architects
474,"Test programs or databases, correct errors, and make necessary modifications.",Database Administrators
475,"Plan, coordinate, and implement security measures to safeguard information in computer files against accidental or unauthorized damage, modification or disclosure.",Database Administrators
476,Modify existing databases and database management systems or direct programmers and analysts to make changes.,Database Administrators
478,"Write and code logical and physical database descriptions and specify identifiers of database to management system, or direct others in coding descriptions.",Database Administrators
479,Develop standards and guidelines for the use and acquisition of software and to protect vulnerable information.,Database Administrators
482,"Develop data model describing data elements and how they are used, following procedures and using pen, template, or computer software.",Database Administrators
483,Select and enter codes to monitor database performance and to create production database.,Database Administrators
484,"Develop data models for applications, metadata tables, views or related database structures.",Database Architects
486,"Demonstrate database technical functionality, such as performance, security and reliability.",Database Architects
489,"Develop data warehouse process models, including sourcing, loading, transformation, and extraction.",Data Warehousing Specialists
490,"Verify the structure, accuracy, or quality of warehouse data.",Data Warehousing Specialists
491,"Map data between source systems, data warehouses, and data marts.",Data Warehousing Specialists
493,Design and implement warehouse database structures.,Data Warehousing Specialists
494,Provide or coordinate troubleshooting support for data warehouses.,Data Warehousing Specialists
496,"Perform system analysis, data analysis or programming, using a variety of computer languages and procedures.",Data Warehousing Specialists
497,"Create plans, test files, and scripts for data warehouse testing, ranging from unit to integration testing.",Data Warehousing Specialists
498,"Implement business rules via stored procedures, middleware, or other technologies.",Data Warehousing Specialists
501,Perform data backups and disaster recovery operations.,Network and Computer Systems Administrators
502,"Configure, monitor, and maintain email applications or virus protection software.",Network and Computer Systems Administrators
505,"Plan, coordinate, and implement network security measures to protect data, software, and hardware.",Network and Computer Systems Administrators
507,"Recommend changes to improve systems and network configurations, and determine hardware or software requirements related to such changes.",Network and Computer Systems Administrators
515,"Perform or direct revision, repair, or expansion of existing programs to increase operating efficiency or adapt to new requirements.",Computer Programmers
520,Write or contribute to instructions or manuals to guide end users.,Computer Programmers
522,"Assign, coordinate, and review work and activities of programming personnel.",Computer Programmers
524,"Identify, analyze, and document problems with program function, output, online screen, or content.",Software Quality Assurance Analysts and Testers
525,"Document software defects, using a bug tracking system, and report defects to software developers.",Software Quality Assurance Analysts and Testers
527,"Design test plans, scenarios, scripts, or procedures.",Software Quality Assurance Analysts and Testers
529,Provide feedback and recommendations to developers on software usability and functionality.,Software Quality Assurance Analysts and Testers
530,"Install, maintain, or use software testing programs.",Software Quality Assurance Analysts and Testers
534,Monitor bug resolution efforts and track successes.,Software Quality Assurance Analysts and Testers
535,Update automated test scripts to ensure currency.,Software Quality Assurance Analysts and Testers
536,Plan test schedules or strategies in accordance with project scope or delivery dates.,Software Quality Assurance Analysts and Testers
538,"Conduct software compatibility tests with programs, hardware, operating systems, or network environments.",Software Quality Assurance Analysts and Testers
539,"Review software documentation to ensure technical accuracy, compliance, or completeness, or to mitigate risks.",Software Quality Assurance Analysts and Testers
540,"Identify program deviance from standards, and suggest modifications to ensure compliance.",Software Quality Assurance Analysts and Testers
542,Conduct historical analyses of test results.,Software Quality Assurance Analysts and Testers
546,"Evaluate code to ensure that it is valid, is properly structured, meets industry standards, and is compatible with browsers, devices, or operating systems.",Web Developers
547,"Perform Web site tests according to planned schedules, or after any Web site or product revision.",Web Developers
549,"Respond to user email inquiries, or set up automated systems to send responses.",Web Developers
550,Communicate with network personnel or Web site hosting agencies to address hardware or software issues affecting Web sites.,Web Developers
551,Establish appropriate server directory trees.,Web Developers
552,Recommend and implement performance improvements.,Web Developers
553,Develop or implement procedures for ongoing Web site revision.,Web Developers
558,"Create core game features, including storylines, role-play mechanics, and character biographies for a new video game or game franchise.",Video Game Designers
560,Conduct regular design reviews throughout the game development process.,Video Game Designers
561,"Develop and maintain design level documentation, including mechanics, guidelines, and mission outlines.",Video Game Designers
562,Provide feedback to designers and other colleagues regarding game design features.,Video Game Designers
563,"Create and manage documentation, production schedules, prototyping goals, and communication plans in collaboration with production staff.",Video Game Designers
564,Provide feedback to production staff regarding technical game qualities or adherence to original design.,Video Game Designers
565,Create gameplay prototypes for presentation to creative and technical staff and management.,Video Game Designers
566,Prepare two-dimensional concept layouts or three-dimensional mock-ups.,Video Game Designers
568,Write or supervise the writing of game text and dialogue.,Video Game Designers
573,Back up or modify applications and related data to provide for disaster recovery.,Web Administrators
574,"Correct testing-identified problems, or recommend actions for their resolution.",Web Administrators
575,"Determine sources of Web page or server problems, and take action to correct such problems.",Web Administrators
578,"Track, compile, and analyze Web site usage data.",Web Administrators
581,"Gather, analyze, or document user feedback to locate or resolve sources of problems.",Web Administrators
582,Set up or maintain monitoring tools on Web servers or Web sites.,Web Administrators
583,Develop Web site performance metrics.,Web Administrators
588,"Produce data layers, maps, tables, or reports, using spatial analysis procedures or Geographic Information Systems (GIS) technology, equipment, or systems.",Geographic Information Systems Technologists and Technicians
593,"Review existing or incoming data for currency, accuracy, usefulness, quality, or completeness of documentation.",Geographic Information Systems Technologists and Technicians
598,"Provide technical support to users or clients regarding the maintenance, development, or operation of Geographic Information Systems (GIS) databases, equipment, or applications.",Geographic Information Systems Technologists and Technicians
599,Interpret aerial or ortho photographs.,Geographic Information Systems Technologists and Technicians
608,Consult with end users regarding problems in accessing electronic content.,Document Management Specialists
610,"Search electronic sources, such as databases or repositories, or manual sources for information.",Document Management Specialists
612,Collaborate with engineers or software developers to select appropriate design solutions or ensure the compatibility of system components.,Computer Systems Engineers/Architects
614,"Research, test, or verify proper functioning of software patches and fixes.",Computer Systems Engineers/Architects
616,Provide technical guidance or support for the development or troubleshooting of systems.,Computer Systems Engineers/Architects
617,"Communicate project information through presentations, technical reports, or white papers.",Computer Systems Engineers/Architects
621,"Evaluate current or emerging technologies to consider factors such as cost, portability, compatibility, or usability.",Computer Systems Engineers/Architects
623,Monitor or track project milestones and deliverables.,Information Technology Project Managers
624,"Submit project deliverables, ensuring adherence to quality standards.",Information Technology Project Managers
626,"Develop or update project plans for information technology projects including information such as project objectives, technologies, systems, information specifications, schedules, funding, and staffing.",Information Technology Project Managers
628,"Prepare project status reports by collecting, analyzing, and summarizing information and trends.",Information Technology Project Managers
630,"Assign duties, responsibilities, and spans of authority to project personnel.",Information Technology Project Managers
633,Perform computations and apply methods of numerical analysis to data.,Mathematicians
634,"Assemble sets of assumptions, and explore the consequences of each set.",Mathematicians
638,"Prepare data for processing by organizing information, checking for inaccuracies, and adjusting and weighting the raw data.",Statisticians
713,"Formulate mathematical models or other methods of computer analysis to develop, evaluate, or modify design, according to customer engineering requirements.",Aerospace Engineers
716,"Develop design criteria for aeronautical or aerospace products or systems, including testing methods, production costs, quality standards, environmental standards, or completion dates.",Aerospace Engineers
718,"Design new or modify existing aerospace systems to reduce polluting emissions, such as nitrogen oxide, carbon monoxide, or smoke emissions.",Aerospace Engineers
724,"Compute load and grade requirements, water flow rates, or material stress factors to determine design specifications.",Civil Engineers
725,"Plan and design transportation or hydraulic systems or structures, using computer-assisted design or drawing tools.",Civil Engineers
727,"Estimate quantities and cost of materials, equipment, or labor to determine project feasibility.",Civil Engineers
728,Design energy-efficient or environmentally sound civil structures.,Civil Engineers
735,Update knowledge and skills to keep up with rapid advancements in computer technology.,Computer Hardware Engineers
736,Confer with engineering staff and consult specifications to evaluate interface between hardware and software and operational and performance requirements of overall system.,Computer Hardware Engineers
738,"Test and verify hardware and support peripherals to ensure that they meet specifications and requirements, by recording and analyzing test data.",Computer Hardware Engineers
740,Analyze user needs and recommend appropriate hardware.,Computer Hardware Engineers
741,"Evaluate factors such as reporting formats required, cost constraints, and need for security restrictions to determine hardware configuration.",Computer Hardware Engineers
742,Operate computer-assisted engineering or design software or equipment to perform engineering tasks.,Electrical Engineers
743,"Prepare technical drawings, specifications of electrical systems, or topographical maps to ensure that installation and operations conform to standards and customer requirements.",Electrical Engineers
744,Compile data and write reports regarding existing or potential electrical engineering studies or projects.,Electrical Engineers
746,"Design electrical systems or components that minimize electric energy requirements, such as lighting systems designed to account for natural lighting.",Electrical Engineers
791,"Read and interpret blueprints, technical drawings, schematics, or computer-generated reports.",Mechanical Engineers
792,"Develop or test models of alternate designs or processing methods to assess feasibility, sustainability, operating condition effects, potential new applications, or necessity of modification.",Mechanical Engineers
793,"Specify system components or direct modification of products to ensure conformance with engineering design, performance specifications, or environmental regulations.",Mechanical Engineers
794,"Assist drafters in developing the structural design of products, using drafting tools or computer-assisted drafting equipment or software.",Mechanical Engineers
796,Design test control apparatus or equipment or develop procedures for testing products.,Mechanical Engineers
797,Provide feedback to design engineers on customer problems or needs.,Mechanical Engineers
820,"Monitor production rates, and plan rework processes to improve production.",Petroleum Engineers
821,Maintain records of drilling and production operations.,Petroleum Engineers
822,Analyze data to recommend placement of wells and supplementary processes to enhance production.,Petroleum Engineers
825,Write technical reports for engineering and management personnel.,Petroleum Engineers
826,"Evaluate findings to develop, design, or test equipment or processes.",Petroleum Engineers
855,Debug robotics programs.,Robotics Engineers
856,Create back-ups of robot programs or parameters.,Robotics Engineers
860,"Document robotic application development, maintenance, or changes.",Robotics Engineers
861,Write algorithms or programming code for ad hoc robotic applications.,Robotics Engineers
862,Make system device lists or event timing charts.,Robotics Engineers
863,Plan mobile robot paths and teach path plans to robots.,Robotics Engineers
877,"Draft plans and detailed drawings for structures, installations, and construction projects, such as highways, sewage disposal systems, and dikes, working from sketches or notes.",Architectural and Civil Drafters
881,"Lay out and plan interior room arrangements for commercial buildings, using computer-assisted drafting (CAD) equipment and software.",Architectural and Civil Drafters
884,"Correlate, interpret, and modify data obtained from topographical surveys, well logs, and geophysical prospecting reports.",Architectural and Civil Drafters
888,Prepare colored drawings of landscape and interior designs for presentation to client.,Architectural and Civil Drafters
923,Review electrical engineering plans to ensure adherence to design specifications and compliance with applicable electrical codes and standards.,Electrical and Electronic Engineering Technologists and Technicians
926,"Select electronics equipment, components, or systems to meet functional specifications.",Electrical and Electronic Engineering Technologists and Technicians
931,"Provide user applications or engineering support or recommendations for new or existing equipment with regard to installation, upgrades, or enhancements.",Electrical and Electronic Engineering Technologists and Technicians
932,"Produce electronics drawings or other graphics representing industrial control, instrumentation, sensors, or analog or digital telecommunications networks, using computer-aided design (CAD) software.",Electrical and Electronic Engineering Technologists and Technicians
933,"Design or modify engineering schematics for electrical transmission and distribution systems or for electrical installation in residential, commercial, or industrial buildings, using computer-aided design (CAD) software.",Electrical and Electronic Engineering Technologists and Technicians
941,Maintain project logbook records or computer program files.,Environmental Engineering Technologists and Technicians
942,"Produce environmental assessment reports, tabulating data and preparing charts, graphs, or sketches.",Environmental Engineering Technologists and Technicians
943,Review work plans to schedule activities.,Environmental Engineering Technologists and Technicians
944,"Develop work plans, including writing specifications or establishing material, manpower, or facilities needs.",Environmental Engineering Technologists and Technicians
945,Perform statistical analysis and correction of air or water pollution data submitted by industry or other agencies.,Environmental Engineering Technologists and Technicians
947,"Interpret engineering sketches, specifications, or drawings.",Mechanical Engineering Technologists and Technicians
948,Calculate required capacities for equipment of proposed system to obtain specified performance and submit data to engineering personnel for approval.,Mechanical Engineering Technologists and Technicians
949,"Review project instructions and blueprints to ascertain test specifications, procedures, and objectives, and test nature of technical problems such as redesign.",Mechanical Engineering Technologists and Technicians
951,"Draft detail drawing or sketch for drafting room completion or to request parts fabrication by machine, sheet or wood shops.",Mechanical Engineering Technologists and Technicians
952,"Analyze test results in relation to design or rated specifications and test objectives, and modify or adjust equipment to meet specifications.",Mechanical Engineering Technologists and Technicians
953,"Record test procedures and results, numerical and graphical data, and recommendations for changes in product or test methods.",Mechanical Engineering Technologists and Technicians
955,"Design molds, tools, dies, jigs, or fixtures for use in manufacturing processes.",Mechanical Engineering Technologists and Technicians
956,"Review project instructions and specifications to identify, modify and plan requirements fabrication, assembly and testing.",Mechanical Engineering Technologists and Technicians
957,"Design specialized or customized equipment, machines, or structures.",Mechanical Engineering Technologists and Technicians
959,"Prepare equipment inspection schedules, reliability schedules, work plans, or other records.",Mechanical Engineering Technologists and Technicians
1340,Review assembled films or edited videotapes on screens or monitors to determine if corrections are necessary.,Film and Video Editors
1342,Program computerized graphic effects.,Film and Video Editors
1343,Mark frames where a particular shot or piece of sound is to begin or end.,Film and Video Editors
1344,Piece sounds together to develop film soundtracks.,Film and Video Editors
1352,Prepare comprehensive interpretive reports of findings.,Radiologists
1353,"Perform or interpret the outcomes of diagnostic imaging procedures including magnetic resonance imaging (MRI), computer tomography (CT), positron emission tomography (PET), nuclear cardiology treadmill studies, mammography, or ultrasound.",Radiologists
1354,Review or transmit images and information using picture archiving or communications systems.,Radiologists
1355,"Document the performance, interpretation, or outcomes of all procedures performed.",Radiologists
1356,Develop or monitor procedures to ensure adequate quality control of images.,Radiologists
1358,Participate in quality improvement activities including discussions of areas where risk of error is high.,Radiologists
1377,"Review and edit transcribed reports or dictated material for spelling, grammar, clarity, consistency, and proper medical terminology.",Medical Transcriptionists
1378,"Transcribe dictation for a variety of medical reports, such as patient histories, physical examinations, emergency room visits, operations, chart reviews, consultation, or discharge summaries.",Medical Transcriptionists
1379,"Distinguish between homonyms and recognize inconsistencies and mistakes in medical terms, referring to dictionaries, drug references, and other sources on anatomy, physiology, and medicine.",Medical Transcriptionists
1380,"Set up and maintain medical files and databases, including records such as x-ray, lab, and procedure reports, medical histories, diagnostic workups, admission and discharge summaries, and clinical resumes.",Medical Transcriptionists
1381,Translate medical jargon and abbreviations into their expanded forms to ensure the accuracy of patient and health care facility records.,Medical Transcriptionists
1382,"Perform data entry and data retrieval services, providing data for inclusion in medical records and for transmission to physicians.",Medical Transcriptionists
1393,Monitor markets or positions.,"Securities, Commodities, and Financial Services Sales Agents"
1394,Keep accurate records of transactions.,"Securities, Commodities, and Financial Services Sales Agents"
1398,Review all securities transactions to ensure accuracy of information and conformance to governing agency regulations.,"Securities, Commodities, and Financial Services Sales Agents"
1400,"Track and analyze factors that affect price movement, such as trade policies, weather conditions, political developments, or supply and demand changes.","Securities, Commodities, and Financial Services Sales Agents"
1401,"Inform other traders, managers, or customers of market conditions, including volume, price, competition, or dynamics.","Securities, Commodities, and Financial Services Sales Agents"
1402,Calculate costs for billings or commissions.,"Securities, Commodities, and Financial Services Sales Agents"
1403,Prepare financial reports to monitor client or corporate finances.,"Securities, Commodities, and Financial Services Sales Agents"
1404,"Supply the latest price quotes on any security, as well as information on the activities or financial positions of the corporations issuing these securities.","Securities, Commodities, and Financial Services Sales Agents"
1406,Evaluate costs and revenue of agreements to determine continued profitability.,"Securities, Commodities, and Financial Services Sales Agents"
1407,Collect payment for transportation and accommodations from customer.,Travel Agents
1408,"Plan, describe, arrange, and sell itinerary tour packages and promotional travel incentives offered by various travel carriers.",Travel Agents
1409,"Converse with customer to determine destination, mode of transportation, travel dates, financial considerations, and accommodations required.",Travel Agents
1410,"Compute cost of travel and accommodations, using calculator, computer, carrier tariff books, and hotel rate books, or quote package tour's costs.",Travel Agents
1411,"Record and maintain information on clients, vendors, and travel packages.",Travel Agents
1412,"Book transportation and hotel reservations, using computer or telephone.",Travel Agents
1413,"Print or request transportation carrier tickets, using computer printer system or system link to travel carrier.",Travel Agents
1414,"Provide customer with brochures and publications containing travel information, such as local customs, points of interest, or foreign country regulations.",Travel Agents
1415,Prepare and submit sales contracts for orders.,"Sales Representatives, Wholesale and Manufacturing, Technical and Scientific Products"
1417,"Answer customers' questions about products, prices, availability, or credit terms.","Sales Representatives, Wholesale and Manufacturing, Technical and Scientific Products"
1418,"Quote prices, credit terms, or other bid specifications.","Sales Representatives, Wholesale and Manufacturing, Technical and Scientific Products"
1419,"Compute customer's installation or production costs and estimate savings from new services, products, or equipment.","Sales Representatives, Wholesale and Manufacturing, Technical and Scientific Products"
1420,Prepare sales presentations or proposals to explain product specifications or applications.,"Sales Representatives, Wholesale and Manufacturing, Technical and Scientific Products"
1421,"Complete expense reports, sales reports, or other paperwork.","Sales Representatives, Wholesale and Manufacturing, Technical and Scientific Products"
1422,"Inform customers of estimated delivery schedules, service contracts, warranties, or other information pertaining to purchased products.","Sales Representatives, Wholesale and Manufacturing, Technical and Scientific Products"
1423,"Collaborate with colleagues to exchange information, such as selling strategies or marketing information.","Sales Representatives, Wholesale and Manufacturing, Technical and Scientific Products"
1424,Obtain building blueprints or specifications for use by engineering departments in bid preparations.,"Sales Representatives, Wholesale and Manufacturing, Technical and Scientific Products"
1425,Verify accuracy of materials lists.,"Sales Representatives, Wholesale and Manufacturing, Technical and Scientific Products"
1426,Verify customer credit ratings.,"Sales Representatives, Wholesale and Manufacturing, Technical and Scientific Products"
1427,Present information to customers about the energy efficiency or environmental impact of scientific or technical products.,"Sales Representatives, Wholesale and Manufacturing, Technical and Scientific Products"
1429,"Explain products or services and prices, and answer questions from customers.",Telemarketers
1431,"Record names, addresses, purchases, and reactions of prospects contacted.",Telemarketers
1433,"Obtain names and telephone numbers of potential customers from sources such as telephone directories, magazine reply cards, and lists purchased from other organizations.",Telemarketers
1434,Telephone or write letters to respond to correspondence from customers or to follow up initial sales contacts.,Telemarketers
1436,Schedule appointments for sales representatives to meet with prospective customers or for customers to attend sales presentations.,Telemarketers
1454,"Prepare itemized statements, bills, or invoices and record amounts due for items purchased or services rendered.",Billing and Posting Clerks
1455,"Operate typing, adding, calculating, or billing machines.",Billing and Posting Clerks
1456,Post stop-payment notices to prevent payment of protested checks.,Billing and Posting Clerks
1457,Keep records of invoices and support documents.,Billing and Posting Clerks
1462,Compare previously prepared bank statements with canceled checks and reconcile discrepancies.,Billing and Posting Clerks
1465,"Compute credit terms, discounts, shipment charges, or rates for goods or services to complete billing documents.",Billing and Posting Clerks
1466,"Operate computers programmed with accounting software to record, store, and analyze information.","Bookkeeping, Accounting, and Auditing Clerks"
1468,"Operate 10-key calculators, typewriters, and copy machines to perform calculations and produce documents.","Bookkeeping, Accounting, and Auditing Clerks"
1469,Code documents according to company procedures.,"Bookkeeping, Accounting, and Auditing Clerks"
1470,"Perform financial calculations, such as amounts due, interest charges, balances, discounts, equity, and principal.","Bookkeeping, Accounting, and Auditing Clerks"
1471,Reconcile or note and report discrepancies found in records.,"Bookkeeping, Accounting, and Auditing Clerks"
1472,Access computerized financial information to answer general questions as well as those related to specific accounts.,"Bookkeeping, Accounting, and Auditing Clerks"
1473,"Classify, record, and summarize numerical and financial data to compile and keep financial records, using journals and ledgers or computers.","Bookkeeping, Accounting, and Auditing Clerks"
1474,"Debit, credit, and total accounts on computer spreadsheets and databases, using specialized accounting software.","Bookkeeping, Accounting, and Auditing Clerks"
1478,"Calculate and prepare checks for utilities, taxes, and other payments.","Bookkeeping, Accounting, and Auditing Clerks"
1479,Monitor status of loans and accounts to ensure that payments are up to date.,"Bookkeeping, Accounting, and Auditing Clerks"
1480,Reconcile records of bank transactions.,"Bookkeeping, Accounting, and Auditing Clerks"
1482,"Calculate, prepare, and issue bills, invoices, account statements, and other financial statements according to established procedures.","Bookkeeping, Accounting, and Auditing Clerks"
1483,Prepare purchase orders and expense reports.,"Bookkeeping, Accounting, and Auditing Clerks"
1484,Prepare trial balances of books.,"Bookkeeping, Accounting, and Auditing Clerks"
1485,"Compile statistical, financial, accounting, or auditing reports and tables pertaining to such matters as cash receipts, expenditures, accounts payable and receivable, and profits and losses.","Bookkeeping, Accounting, and Auditing Clerks"
1486,"Verify attendance, hours worked, and pay adjustments, and post information onto designated records.",Payroll and Timekeeping Clerks
1487,Process and issue employee paychecks and statements of earnings and deductions.,Payroll and Timekeeping Clerks
1488,"Compute wages and deductions, and enter data into computers.",Payroll and Timekeeping Clerks
1489,Process paperwork for new employees and enter employee information into the payroll system.,Payroll and Timekeeping Clerks
1490,"Prepare and balance period-end reports, and reconcile issued payrolls to bank statements.",Payroll and Timekeeping Clerks
1491,"Review time sheets, work charts, wage computation, and other information to detect and reconcile payroll discrepancies.",Payroll and Timekeeping Clerks
1492,"Record employee information, such as exemptions, transfers, and resignations, to maintain and update payroll records.",Payroll and Timekeeping Clerks
1493,Issue and record adjustments to pay related to previous errors or retroactive increases.,Payroll and Timekeeping Clerks
1494,"Keep track of leave time, such as vacation, personal, and sick leave, for employees.",Payroll and Timekeeping Clerks
1495,"Compile employee time, production, and payroll data from time sheets and other records.",Payroll and Timekeeping Clerks
1498,"Provide information to employees and managers on payroll matters, tax issues, benefit plans, and collective agreement provisions.",Payroll and Timekeeping Clerks
1499,Conduct verifications of employment.,Payroll and Timekeeping Clerks
1503,Post relevant work hours to client files to bill clients properly.,Payroll and Timekeeping Clerks
1505,"Track the status of requisitions, contracts, and orders.",Procurement Clerks
1511,"Determine if inventory quantities are sufficient for needs, ordering more materials when necessary.",Procurement Clerks
1513,"Prepare, maintain, and review purchasing files, reports and price lists.",Procurement Clerks
1516,Monitor in-house inventory movement and complete inventory transfer forms for bookkeeping purposes.,Procurement Clerks
1519,"Monitor contractor performance, recommending contract modifications when necessary.",Procurement Clerks
1571,"Keep records of customer interactions or transactions, recording details of inquiries, complaints, or comments, as well as actions taken.",Customer Service Representatives
1572,Check to ensure that appropriate changes were made to resolve customers' problems.,Customer Service Representatives
1573,Contact customers to respond to inquiries or to notify them of claim investigation results or any planned adjustments.,Customer Service Representatives
1574,"Determine charges for services requested, collect deposits or payments, or arrange for billing.",Customer Service Representatives
1575,"Complete contract forms, prepare change of address records, or issue service discontinuance orders, using computers.",Customer Service Representatives
1577,"Resolve customers' service or billing complaints by performing activities such as exchanging merchandise, refunding money, or adjusting bills.",Customer Service Representatives
1578,Review insurance policy terms to determine whether a particular loss is covered by insurance.,Customer Service Representatives
1579,Compare disputed merchandise with original requisitions and information from invoices and prepare invoices for returned goods.,Customer Service Representatives
1581,Order tests that could determine the causes of product malfunctions.,Customer Service Representatives
1582,"Recommend improvements in products, packaging, shipping, service, or billing methods and procedures to prevent future problems.",Customer Service Representatives
1599,Verify and examine information and accuracy of loan application and closing documents.,Loan Interviewers and Clerks
1610,Accept payment on accounts.,Loan Interviewers and Clerks
1635,"Process, verify, and maintain personnel related documentation, including staffing, recruitment, training, grievances, performance evaluations, classifications, and employee leaves of absence.","Human Resources Assistants, Except Payroll and Timekeeping"
1636,"Record data for each employee, including such information as addresses, weekly earnings, absences, amount of sales or production, supervisory reports on performance, and dates of and reasons for terminations.","Human Resources Assistants, Except Payroll and Timekeeping"
1637,Provide assistance in administering employee benefit programs and worker's compensation plans.,"Human Resources Assistants, Except Payroll and Timekeeping"
1638,"Answer questions regarding examinations, eligibility, salaries, benefits, and other pertinent information.","Human Resources Assistants, Except Payroll and Timekeeping"
1639,Gather personnel records from other departments or employees.,"Human Resources Assistants, Except Payroll and Timekeeping"
1640,Examine employee files to answer inquiries and provide information for personnel actions.,"Human Resources Assistants, Except Payroll and Timekeeping"
1641,"Search employee files to obtain information for authorized persons and organizations, such as credit bureaus and finance companies.","Human Resources Assistants, Except Payroll and Timekeeping"
1642,Compile and prepare reports and documents pertaining to personnel activities.,"Human Resources Assistants, Except Payroll and Timekeeping"
1643,Process and review employment applications to evaluate qualifications or eligibility of applicants.,"Human Resources Assistants, Except Payroll and Timekeeping"
1644,Inform job applicants of their acceptance or rejection of employment.,"Human Resources Assistants, Except Payroll and Timekeeping"
1645,Arrange for advertising or posting of job vacancies and notify eligible workers of position availability.,"Human Resources Assistants, Except Payroll and Timekeeping"
1647,Examine passenger documentation to determine destinations and to assign boarding passes.,Reservation and Transportation Ticket Agents and Travel Clerks
1648,"Trace lost, delayed, or misdirected baggage for customers.",Reservation and Transportation Ticket Agents and Travel Clerks
1649,"Determine whether space is available on travel dates requested by customers, assigning requested spaces when available.",Reservation and Transportation Ticket Agents and Travel Clerks
1651,Maintain computerized inventories of available passenger space and provide information on space reserved or available.,Reservation and Transportation Ticket Agents and Travel Clerks
1652,"Inform clients of essential travel information, such as travel times, transportation connections, or medical and visa requirements.",Reservation and Transportation Ticket Agents and Travel Clerks
1653,"Answer inquiries regarding information, such as schedules, accommodations, procedures, or policies.",Reservation and Transportation Ticket Agents and Travel Clerks
1654,"Plan routes, itineraries, and accommodation details, and compute fares and fees, using schedules, rate books, and computers.",Reservation and Transportation Ticket Agents and Travel Clerks
1655,Prepare customer invoices and accept payment.,Reservation and Transportation Ticket Agents and Travel Clerks
1656,"Provide customers with travel suggestions and information sources, such as guides, directories, brochures, or maps.",Reservation and Transportation Ticket Agents and Travel Clerks
1657,Contact customers or travel agents to advise them of travel conveyance changes or to confirm reservations.,Reservation and Transportation Ticket Agents and Travel Clerks
1659,"Calculate weight, volume, or cost of goods to be moved.",Freight Forwarders
1660,"Inform clients of factors such as shipping options, timelines, transfers, or regulations affecting shipments.",Freight Forwarders
1661,"Prepare shipping documentation, such as bills of lading, packing lists, dock receipts, or certificates of origin.",Freight Forwarders
1663,Prepare invoices or cost quotations for freight transportation.,Freight Forwarders
1665,Keep records of goods dispatched or received.,Freight Forwarders
1667,Monitor or record locations of goods in transit.,Freight Forwarders
1669,"Verify adherence of documentation to customs, insurance, or regulatory requirements.",Freight Forwarders
1670,Determine efficient and cost-effective methods of moving goods from one location to another.,Freight Forwarders
1671,Pay or arrange for payment of freight or insurance fees or other charges.,Freight Forwarders
1673,"Maintain current knowledge of relevant legislation, political situations, or other factors that could affect freight shipping.",Freight Forwarders
1675,Obtain or arrange cargo insurance.,Freight Forwarders
1677,"Arrange for applicable duties, taxes, or paperwork for customs clearance.",Freight Forwarders
1678,"Determine response requirements and relative priorities of situations, and dispatch units in accordance with established procedures.",Public Safety Telecommunicators
1679,"Record details of calls, dispatches, and messages.",Public Safety Telecommunicators
1681,"Enter, update, and retrieve information from teletype networks and computerized data systems regarding such things as wanted persons, stolen property, vehicle registration, and stolen vehicles.",Public Safety Telecommunicators
1684,"Maintain access to, and security of, highly sensitive materials.",Public Safety Telecommunicators
1686,Read and effectively interpret small-scale maps and information from a computer screen to determine locations and provide directions.,Public Safety Telecommunicators
1687,"Maintain files of information relating to emergency calls, such as personnel rosters and emergency call-out and pager files.",Public Safety Telecommunicators
1690,"Schedule or dispatch workers, work crews, equipment, or service vehicles to appropriate locations, according to customer requests, specifications, or needs, using radios or telephones.","Dispatchers, Except Police, Fire, and Ambulance"
1691,Prepare daily work and run schedules.,"Dispatchers, Except Police, Fire, and Ambulance"
1693,"Record and maintain files or records of customer requests, work or services performed, charges, expenses, inventory, or other dispatch information.","Dispatchers, Except Police, Fire, and Ambulance"
1694,Monitor personnel or equipment locations and utilization to coordinate service and schedules.,"Dispatchers, Except Police, Fire, and Ambulance"
1696,"Advise personnel about traffic problems, such as construction areas, accidents, congestion, weather conditions, or other hazards.","Dispatchers, Except Police, Fire, and Ambulance"
1700,Distribute production schedules or work orders to departments.,"Production, Planning, and Expediting Clerks"
1701,"Review documents, such as production schedules, work orders, or staffing tables, to determine personnel or materials requirements or material priorities.","Production, Planning, and Expediting Clerks"
1702,Requisition and maintain inventories of materials or supplies necessary to meet production demands.,"Production, Planning, and Expediting Clerks"
1703,"Plan production commitments or timetables for business units, specific programs, or jobs, using sales forecasts.","Production, Planning, and Expediting Clerks"
1704,"Compile information, such as production rates and progress, materials inventories, materials used, or customer information, so that status reports can be completed.","Production, Planning, and Expediting Clerks"
1705,"Compile and prepare documentation related to production sequences, transportation, personnel schedules, or purchase, maintenance, or repair orders.","Production, Planning, and Expediting Clerks"
1706,"Calculate figures, such as required amounts of labor or materials, manufacturing costs, or wages, using pricing schedules, adding machines, calculators, or computers.","Production, Planning, and Expediting Clerks"
1707,Contact suppliers to verify shipment details.,"Production, Planning, and Expediting Clerks"
1708,"Record production data, including volume produced, consumption of raw materials, or quality control measures.","Production, Planning, and Expediting Clerks"
1709,"Establish and prepare product construction directions and locations and information on required tools, materials, equipment, numbers of workers needed, and cost projections.","Production, Planning, and Expediting Clerks"
1710,"Maintain files, such as maintenance records, bills of lading, or cost reports.","Production, Planning, and Expediting Clerks"
1711,"Provide documentation and information to account for delays, difficulties, or changes to cost estimates.","Production, Planning, and Expediting Clerks"
1730,"Prepare, proofread, or process legal documents, such as summonses, subpoenas, complaints, appeals, motions, or pretrial agreements.",Legal Secretaries and Administrative Assistants
1731,Schedule and make appointments.,Legal Secretaries and Administrative Assistants
1732,"Organize and maintain law libraries, documents, and case files.",Legal Secretaries and Administrative Assistants
1733,Draft and type office memos.,Legal Secretaries and Administrative Assistants
1734,"Complete various forms, such as accident reports, trial and courtroom requests, and applications for clients.",Legal Secretaries and Administrative Assistants
1735,Prepare and distribute invoices to bill clients or pay account expenses.,Legal Secretaries and Administrative Assistants
1736,Submit articles and information from searches to attorneys for review and approval for use.,Legal Secretaries and Administrative Assistants
1737,Make travel arrangements for attorneys.,Legal Secretaries and Administrative Assistants
1738,Review legal publications and perform database searches to identify laws and court decisions relevant to pending cases.,Legal Secretaries and Administrative Assistants
1739,"Schedule and confirm patient diagnostic appointments, surgeries, or medical consultations.",Medical Secretaries and Administrative Assistants
1740,Complete insurance or other claim forms.,Medical Secretaries and Administrative Assistants
1741,"Transmit correspondence or medical records by mail, e-mail, or fax.",Medical Secretaries and Administrative Assistants
1742,"Maintain medical records, technical library, or correspondence files.",Medical Secretaries and Administrative Assistants
1743,"Receive and route messages or documents, such as laboratory results, to appropriate staff.",Medical Secretaries and Administrative Assistants
1744,"Operate office equipment, such as voice mail messaging systems, and use word processing, spreadsheet, or other software applications to prepare reports, invoices, financial statements, letters, case histories, or medical records.",Medical Secretaries and Administrative Assistants
1745,"Perform bookkeeping duties, such as credits or collections, preparing and sending financial statements or bills, and keeping financial records.",Medical Secretaries and Administrative Assistants
1746,"Perform various clerical or administrative functions, such as ordering and maintaining an inventory of supplies.",Medical Secretaries and Administrative Assistants
1747,Transcribe recorded messages or practitioners' diagnoses or recommendations into patients' medical records.,Medical Secretaries and Administrative Assistants
1748,"Compile and record medical charts, reports, or correspondence, using typewriter or personal computer.",Medical Secretaries and Administrative Assistants
1749,"Schedule tests or procedures for patients, such as lab work or x-rays, based on physician orders.",Medical Secretaries and Administrative Assistants
1750,"Prepare correspondence or assist physicians or medical scientists with preparation of reports, speeches, articles, or conference proceedings.",Medical Secretaries and Administrative Assistants
1751,"Create, maintain, and enter information into databases.","Secretaries and Administrative Assistants, Except Legal, Medical, and Executive"
1752,"Use computers for various applications, such as database management or word processing.","Secretaries and Administrative Assistants, Except Legal, Medical, and Executive"
1753,"Set up and manage paper or electronic filing systems, recording information, updating paperwork, or maintaining documents, such as attendance records, correspondence, or other material.","Secretaries and Administrative Assistants, Except Legal, Medical, and Executive"
1754,"Operate electronic mail systems and coordinate the flow of information, internally or with other organizations.","Secretaries and Administrative Assistants, Except Legal, Medical, and Executive"
1755,"Schedule and confirm appointments for clients, customers, or supervisors.","Secretaries and Administrative Assistants, Except Legal, Medical, and Executive"
1756,Maintain scheduling and event calendars.,"Secretaries and Administrative Assistants, Except Legal, Medical, and Executive"
1757,"Compose, type, and distribute meeting notes, routine correspondence, or reports, such as presentations or expense, statistical, or monthly reports.","Secretaries and Administrative Assistants, Except Legal, Medical, and Executive"
1758,Complete forms in accordance with company procedures.,"Secretaries and Administrative Assistants, Except Legal, Medical, and Executive"
1759,Locate and attach appropriate files to incoming correspondence requiring replies.,"Secretaries and Administrative Assistants, Except Legal, Medical, and Executive"
1760,"Conduct searches to find needed information, using such sources as the Internet.","Secretaries and Administrative Assistants, Except Legal, Medical, and Executive"
1761,"Open, read, route, and distribute incoming mail or other materials and answer routine letters.","Secretaries and Administrative Assistants, Except Legal, Medical, and Executive"
1762,"Review work done by others to check for correct spelling and grammar, ensure that company format policies are followed, and recommend revisions.","Secretaries and Administrative Assistants, Except Legal, Medical, and Executive"
1763,"Perform payroll functions, such as maintaining timekeeping information and processing and submitting payroll.","Secretaries and Administrative Assistants, Except Legal, Medical, and Executive"
1764,"Collect and deposit money into accounts, disburse funds from cash accounts to pay bills or invoices, keep records of collections and disbursements, and ensure accounts are balanced.","Secretaries and Administrative Assistants, Except Legal, Medical, and Executive"
1765,Establish work procedures or schedules and keep track of the daily work of clerical staff.,"Secretaries and Administrative Assistants, Except Legal, Medical, and Executive"
1766,"Provide services to customers, such as order placement or account information.","Secretaries and Administrative Assistants, Except Legal, Medical, and Executive"
1768,Develop or maintain internal or external company Web sites.,"Secretaries and Administrative Assistants, Except Legal, Medical, and Executive"
1769,"Locate and correct data entry errors, or report them to supervisors.",Data Entry Keyers
1770,"Compile, sort, and verify the accuracy of data before it is entered.",Data Entry Keyers
1771,"Compare data with source documents, or re-enter data in verification format to detect errors.",Data Entry Keyers
1772,Store completed documents in appropriate locations.,Data Entry Keyers
1773,"Read source documents such as canceled checks, sales reports, or bills, and enter data in specific data fields or onto tapes or disks for subsequent entry, using keyboards or scanners.",Data Entry Keyers
1774,Maintain logs of activities and completed work.,Data Entry Keyers
1794,"Enter text into computer keyboard and select the size and style of type, column width, and appropriate spacing for printed materials.",Desktop Publishers
1798,Select number of colors and determine color separations.,Desktop Publishers
1800,"Enter digitized data into electronic prepress system computer memory, using scanner, camera, keyboard, or mouse.",Desktop Publishers
1806,Calculate amount of claim.,Insurance Claims and Policy Processing Clerks
1807,Post or attach information to claim file.,Insurance Claims and Policy Processing Clerks
1808,Transmit claims for payment or further investigation.,Insurance Claims and Policy Processing Clerks
1810,Process and record new insurance policies and claims.,Insurance Claims and Policy Processing Clerks
1812,Correspond with insured or agent to obtain information or to inform them of account status or changes.,Insurance Claims and Policy Processing Clerks
1816,"Transcribe data to worksheets, and enter data into computer for use in preparing documents and adjusting accounts.",Insurance Claims and Policy Processing Clerks
1820,"Check computations of interest accrued, premiums due, and settlement surrender on loan values.",Insurance Claims and Policy Processing Clerks
1821,"Obtain computer printout of policy cancellations, or retrieve cancellation cards from file.",Insurance Claims and Policy Processing Clerks
1824,"Communicate with customers, employees, and other individuals to answer questions, disseminate or explain information, take orders, and address complaints.","Office Clerks, General"
1825,"Maintain and update filing, inventory, mailing, and database systems, either manually or using a computer.","Office Clerks, General"
1826,"Compile, copy, sort, and file records of office activities, business transactions, and other activities.","Office Clerks, General"
1835,Read corrected copies or proofs to ensure that all corrections have been made.,Proofreaders and Copy Markers
1837,"Compare information or figures on one record against same data on other records, or with original copy, to detect errors.",Proofreaders and Copy Markers
1863,Analyze equipment performance records to assess equipment functioning.,"Computer, Automated Teller, and Office Machine Repairers"
1882,"Control, monitor, or operate equipment that regulates or distributes electricity or steam, using data obtained from instruments or computers.",Power Distributors and Dispatchers
