Industry,Titles
General Management,Advertising and Promotions Managers
General Management,Marketing Managers
General Management,Public Relations Managers
General Management,Fundraising Managers
General Management,Administrative Services Managers
General Management,Security Managers
General Management,Financial Managers
General Management,Treasurers and Controllers
General Management,Investment Fund Managers
General Management,Human Resources Managers
General Management,Medical and Health Services Managers
General Management,Natural Sciences Managers
General Management,Compliance Managers
General Management,Loss Prevention Managers
General Management,Project Management Specialists
General Management,Management Analysts
General Management,Operations Research Analysts
General Management,Business Continuity Planners
Engineering/Technical Management,Computer and Information Systems Managers
Engineering/Technical Management,Quality Control Systems Managers
Engineering/Technical Management,Biofuels Production Managers
Engineering/Technical Management,Biomass Power Plant Managers
Engineering/Technical Management,Hydroelectric Production Managers
Engineering/Technical Management,Architectural and Engineering Managers
Engineering/Technical Management,Biofuels/Biodiesel Technology and Product Development Managers
Engineering/Technical Management,Wind Energy Development Managers
Engineering/Technical Management,"Energy Engineers, Except Wind and Solar"
Engineering/Technical Management,Robotics Engineers
Engineering/Technical Management,Photonics Engineers
Engineering/Technical Management,Nanosystems Engineers
Engineering/Technical Management,Environmental Engineers
Engineering/Technical Management,Health and Safety Engineers
Engineering/Technical Management,Manufacturing Engineers
Finance and Accounting,Accountants and Auditors
Finance and Accounting,Financial and Investment Analysts
Finance and Accounting,Personal Financial Advisors
Finance and Accounting,Financial Risk Specialists
Finance and Accounting,Financial Examiners
Finance and Accounting,Tax Preparers
Finance and Accounting,Budget Analysts
Finance and Accounting,Credit Analysts
Finance and Accounting,Loan Officers
Finance and Accounting,Financial Quantitative Analysts
Finance and Accounting,Financial Managers
Finance and Accounting,Treasurers and Controllers
Finance and Accounting,Investment Fund Managers
"Marketing, Sales, Customer Service",Advertising and Promotions Managers
"Marketing, Sales, Customer Service",Marketing Managers
"Marketing, Sales, Customer Service",Public Relations Managers
"Marketing, Sales, Customer Service",Fundraising Managers
"Marketing, Sales, Customer Service",Market Research Analysts and Marketing Specialists
"Marketing, Sales, Customer Service",Search Marketing Strategists
"Marketing, Sales, Customer Service",Fundraisers
"Marketing, Sales, Customer Service",Online Merchants
"Marketing, Sales, Customer Service","Sales Representatives, Wholesale and Manufacturing, Technical and Scientific Products"
"Marketing, Sales, Customer Service","Securities, Commodities, and Financial Services Sales Agents"
"Marketing, Sales, Customer Service",Telemarketers
"Marketing, Sales, Customer Service",Customer Service Representatives
"Marketing, Sales, Customer Service",Public Relations Specialists
Human Resources and Training,Compensation and Benefits Managers
Human Resources and Training,Training and Development Managers
Human Resources and Training,"Compensation, Benefits, and Job Analysis Specialists"
Human Resources and Training,Human Resources Managers
Human Resources and Training,Human Resources Specialists
Human Resources and Training,Training and Development Specialists
Human Resources and Training,Human Resources Assistants
Engineering and Technology,Aerospace Engineers
Engineering and Technology,Bioengineers and Biomedical Engineers
Engineering and Technology,Chemical Engineers
Engineering and Technology,Civil Engineers
Engineering and Technology,Transportation Engineers
Engineering and Technology,Water/Wastewater Engineers
Engineering and Technology,Electrical Engineers
Engineering and Technology,Electronics Engineers
Engineering and Technology,Mechanical Engineers
Engineering and Technology,Fuel Cell Engineers
Engineering and Technology,Nuclear Engineers
Engineering and Technology,Petroleum Engineers
Engineering and Technology,Computer and Information Systems Managers
Engineering and Technology,Computer Systems Analysts
Engineering and Technology,Information Security Analysts
Engineering and Technology,Computer Network Support Specialists
Engineering and Technology,Computer Programmers
Engineering and Technology,Software Developers
Engineering and Technology,Software Quality Assurance Analysts
Engineering and Technology,Web Developers
Engineering and Technology,Blockchain Engineers
Engineering and Technology,Information Technology Project Managers
Engineering and Technology,Web and Digital Interface Designers
Engineering and Technology,Video Game Designers
Engineering and Technology,Database Administrators
Engineering and Technology,Computer Network Architects
Engineering and Technology,Penetration Testers
Engineering and Technology,Digital Forensics Analysts
Engineering and Technology,Data Scientists
Engineering and Technology,"Energy Engineers, Except Wind and Solar"
Engineering and Technology,Robotics Engineers
Engineering and Technology,Photonics Engineers
Engineering and Technology,Nanosystems Engineers
Engineering and Technology,Environmental Engineers
Engineering and Technology,Health and Safety Engineers
Engineering and Technology,Manufacturing Engineers
Legal and Compliance,Lawyers
Legal and Compliance,Judicial Law Clerks
Legal and Compliance,Paralegals and Legal Assistants
Legal and Compliance,Compliance Officers
Legal and Compliance,Regulatory Affairs Specialists
Legal and Compliance,Compliance Managers
Legal and Compliance,"Fraud Examiners, Investigators, and Analysts"