Industry,Titles
Management & Administrative,Advertising and Promotions Managers
Management & Administrative,Management Analysts
Management & Administrative,Marketing Managers
Management & Administrative,Administrative Services Managers
Management & Administrative,Computer and Information Systems Managers
Management & Administrative,Financial Managers
Management & Administrative,Treasurers and Controllers
Management & Administrative,Investment Fund Managers
Management & Administrative,Supply Chain Managers
Management & Administrative,"Education Administrators, Postsecondary"
Management & Administrative,Biofuels Production Managers
Management & Administrative,Hydroelectric Production Managers
Management & Administrative,Purchasing Managers
Management & Administrative,Human Resources Managers
Management & Administrative,Training and Development Managers
Management & Administrative,Medical and Health Services Managers
Management & Administrative,Regulatory Affairs Managers
Management & Administrative,Compliance Managers
Management & Administrative,Loss Prevention Managers
Management & Administrative,Logistics Engineers
Management & Administrative,Logisticians
Management & Administrative,Management Analysts
Management & Administrative,"Production, Planning, and Expediting Clerks"
Management & Administrative,"First-Line Supervisors of Office and Administrative Support Workers"
Management & Administrative,Quality Control Systems Managers
Management & Administrative,Biomass Power Plant Managers
Management & Administrative,Natural Sciences Managers
Management & Administrative,Compensation and Benefits Managers
Management & Administrative,"Biofuels/Biodiesel Technology and Product Development Managers"
Finance & Business Analysis,Accountants and Auditors
Finance & Business Analysis,Budget Analysts
Finance & Business Analysis,Credit Analysts
Finance & Business Analysis,Personal Financial Advisors
Finance & Business Analysis,Financial Examiners
Finance & Business Analysis,Loan Officers
Finance & Business Analysis,Tax Preparers
Finance & Business Analysis,Insurance Underwriters
Finance & Business Analysis,Actuaries
Finance & Business Analysis,"Fraud Examiners, Investigators, and Analysts"
Finance & Business Analysis,"Claims Adjusters, Examiners, and Investigators"
Finance & Business Analysis,Market Research Analysts and Marketing Specialists
Finance & Business Analysis,Business Intelligence Analysts
Finance & Business Analysis,Operations Research Analysts
Finance & Business Analysis,Survey Researchers
Finance & Business Analysis,Environmental Economists
Finance & Business Analysis,Brokerage Clerks
Finance & Business Analysis,Financial Quantitative Analysts
Finance & Business Analysis,Credit Counselors
Finance & Business Analysis,Appraisers and Assessors of Real Estate
Finance & Business Analysis,"Tax Examiners and Collectors, and Revenue Agents"
Finance & Business Analysis,"Credit Authorizers, Checkers, and Clerks"
Information Technology & Computing,Computer and Information Systems Managers
Information Technology & Computing,Information Technology Project Managers
Information Technology & Computing,Computer Systems Analysts
Information Technology & Computing,Database Administrators
Information Technology & Computing,Computer User Support Specialists
Information Technology & Computing,Computer Network Support Specialists
Information Technology & Computing,Web Developers
Information Technology & Computing,Computer Programmers
Information Technology & Computing,Software Quality Assurance Analysts and Testers
Information Technology & Computing,Video Game Designers
Information Technology & Computing,Information Security Analysts
Information Technology & Computing,Data Warehousing Specialists
Information Technology & Computing,Health Informatics Specialists
Information Technology & Computing,Computer Systems Engineers/Architects
Information Technology & Computing,Database Architects
Information Technology & Computing,Computer and Information Research Scientists
Information Technology & Computing,Web Administrators
Information Technology & Computing,Computer Network Architects
Information Technology & Computing,Computer Hardware Engineers
Information Technology & Computing,Telecommunications Engineering Specialists
Information Technology & Computing,Radio Frequency Identification Device Specialists
Information Technology & Computing,Network and Computer Systems Administrators
Information Technology & Computing,"Computer, Automated Teller, and Office Machine Repairers"
Engineering & Technical Fields,Aerospace Engineers
Engineering & Technical Fields,Civil Engineers
Engineering & Technical Fields,Electrical Engineers
Engineering & Technical Fields,Mechanical Engineers
Engineering & Technical Fields,Industrial Engineers
Engineering & Technical Fields,Environmental Engineers
Engineering & Technical Fields,Bioengineers and Biomedical Engineers
Engineering & Technical Fields,Chemical Engineers
Engineering & Technical Fields,Nuclear Engineers
Engineering & Technical Fields,Robotics Engineers
Engineering & Technical Fields,Photonics Engineers
Engineering & Technical Fields,Mechatronics Engineers
Engineering & Technical Fields,Electrical and Electronic Engineering Technologists and Technicians
Engineering & Technical Fields,Mechanical Engineering Technologists and Technicians
Engineering & Technical Fields,Robotics Technicians
Engineering & Technical Fields,Surveying and Mapping Technicians
Engineering & Technical Fields,Nanotechnology Engineering Technologists and Technicians
Engineering & Technical Fields,Wind Energy Engineers
Engineering & Technical Fields,Electro-Mechanical and Mechatronics Technologists and Technicians
Engineering & Technical Fields,Computer Numerically Controlled Tool Operators
Engineering & Technical Fields,Semiconductor Processing Technicians
Engineering & Technical Fields,Microsystems Engineers
Engineering & Technical Fields,Photonics Technicians
Engineering & Technical Fields,Human Factors Engineers and Ergonomists
Engineering & Technical Fields,Solar Energy Systems Engineers
Engineering & Technical Fields,Automotive Engineers
Engineering & Technical Fields,Environmental Engineering Technologists and Technicians
Engineering & Technical Fields,Materials Scientists
Engineering & Technical Fields,"Electrical and Electronics Repairers, Commercial and Industrial Equipment"
Engineering & Technical Fields,Computer Numerically Controlled Tool Programmers
Engineering & Technical Fields,Electrical and Electronics Drafters
Engineering & Technical Fields,Transportation Engineers
Engineering & Technical Fields,Non-Destructive Testing Specialists
Engineering & Technical Fields,Water/Wastewater Engineers
Engineering & Technical Fields,Fuel Cell Engineers
Engineering & Technical Fields,Materials Engineers
Engineering & Technical Fields,Manufacturing Engineers
Engineering & Technical Fields,Civil Engineering Technologists and Technicians
Engineering & Technical Fields,Industrial Engineering Technologists and Technicians
Engineering & Technical Fields,Marine Engineers and Naval Architects
Engineering & Technical Fields,Automotive Engineering Technicians
Engineering & Technical Fields,"Electronics Engineers, Except Computer"
Engineering & Technical Fields,"Mining and Geological Engineers, Including Mining Safety Engineers"
Natural Sciences & Research,Biochemists and Biophysicists
Natural Sciences & Research,Microbiologists
Natural Sciences & Research,Biologists
Natural Sciences & Research,Epidemiologists
Natural Sciences & Research,"Medical Scientists, Except Epidemiologists"
Natural Sciences & Research,Physicists
Natural Sciences & Research,Chemists
Natural Sciences & Research,Atmospheric and Space Scientists
Natural Sciences & Research,Astronomers
Natural Sciences & Research,"Environmental Scientists and Specialists, Including Health"
Natural Sciences & Research,"Geoscientists, Except Hydrologists and Geographers"
Natural Sciences & Research,Hydrologists
Natural Sciences & Research,Environmental Restoration Planners
Natural Sciences & Research,Bioinformatics Scientists
Natural Sciences & Research,Geographers
Natural Sciences & Research,Molecular and Cellular Biologists
Natural Sciences & Research,Biostatisticians
Legal & Regulatory,Lawyers
Legal & Regulatory,Judicial Law Clerks
Legal & Regulatory,Paralegals and Legal Assistants
Legal & Regulatory,"Administrative Law Judges, Adjudicators, and Hearing Officers"
Legal & Regulatory,Regulatory Affairs Specialists
Legal & Regulatory,Compliance Officers
Legal & Regulatory,Customs Brokers
Legal & Regulatory,Intelligence Analysts
Legal & Regulatory,Forensic Science Technicians
Legal & Regulatory,Equal Opportunity Representatives and Officers
Legal & Regulatory,"Title Examiners, Abstractors, and Searchers"
Legal & Regulatory,"Court, Municipal, and License Clerks"
Legal & Regulatory,"Court Reporters and Simultaneous Captioners"
Education & Training,"Business Teachers, Postsecondary"
Education & Training,"Computer Science Teachers, Postsecondary"
Education & Training,"Engineering Teachers, Postsecondary"
Education & Training,"Economics Teachers, Postsecondary"
Education & Training,"Political Science Teachers, Postsecondary"
Education & Training,"Career/Technical Education Teachers, Postsecondary"
Education & Training,Training and Development Specialists
Education & Training,Librarians and Media Collections Specialists
Education & Training,"Physics Teachers, Postsecondary"
Education & Training,"Geography Teachers, Postsecondary"
Education & Training,"Architecture Teachers, Postsecondary"
Education & Training,"Law Teachers, Postsecondary"
Education & Training,"Mathematical Science Teachers, Postsecondary"
Arts & Media,Art Directors
Arts & Media,Graphic Designers
Arts & Media,Special Effects Artists and Animators
Arts & Media,Commercial and Industrial Designers
Arts & Media,Producers and Directors
Arts & Media,"News Analysts, Reporters, and Journalists"
Arts & Media,Public Relations Specialists
Arts & Media,Writers and Authors
Arts & Media,Editors
Arts & Media,Film and Video Editors
Arts & Media,Photographers
Arts & Media,Broadcast Technicians
Arts & Media,Prepress Technicians and Workers
Healthcare & Medical Support,Radiation Therapists
Healthcare & Medical Support,Radiologic Technologists and Technicians
Healthcare & Medical Support,Nuclear Medicine Technologists
Healthcare & Medical Support,Medical and Clinical Laboratory Technicians
Healthcare & Medical Support,Neurodiagnostic Technologists
Healthcare & Medical Support,Medical Transcriptionists
Healthcare & Medical Support,Magnetic Resonance Imaging Technologists
Healthcare & Medical Support,Cytogenetic Technologists
Healthcare & Medical Support,Cytotechnologists
Healthcare & Medical Support,Radiologists
Healthcare & Medical Support,Medical and Clinical Laboratory Technologists
Healthcare & Medical Support,Clinical Research Coordinators
Healthcare & Medical Support,Clinical Data Managers
Sales & Customer Service,"Sales Representatives, Wholesale and Manufacturing, Technical and Scientific Products"
Sales & Customer Service,"Securities, Commodities, and Financial Services Sales Agents"
Sales & Customer Service,Telemarketers
Sales & Customer Service,Customer Service Representatives
Sales & Customer Service,Reservation and Transportation Ticket Agents and Travel Clerks
Sales & Customer Service,Loan Interviewers and Clerks
Sales & Customer Service,Online Merchants
Clerical & Administrative Support,Executive Secretaries and Executive Administrative Assistants
Clerical & Administrative Support,Legal Secretaries and Administrative Assistants
Clerical & Administrative Support,Medical Secretaries and Administrative Assistants
Clerical & Administrative Support,"Office Clerks, General"
Clerical & Administrative Support,Data Entry Keyers
Clerical & Administrative Support,Word Processors and Typists
Clerical & Administrative Support,Proofreaders and Copy Markers
Clerical & Administrative Support,Desktop Publishers
Clerical & Administrative Support,Library Technicians
Clerical & Administrative Support,Payroll and Timekeeping Clerks
Clerical & Administrative Support,Procurement Clerks
Clerical & Administrative Support,"Library Assistants, Clerical"
Clerical & Administrative Support,"Secretaries and Administrative Assistants, Except Legal, Medical, and Executive"
Clerical & Administrative Support,Document Management Specialists
Clerical & Administrative Support,Order Clerks
Clerical & Administrative Support,Correspondence Clerks
Transportation & Logistics,Air Traffic Controllers
Transportation & Logistics,"Dispatchers, Except Police, Fire, and Ambulance"
Transportation & Logistics,Freight Forwarders
Transportation & Logistics,Avionics Technicians
Transportation & Logistics,Power Distributors and Dispatchers
Transportation & Logistics,Nuclear Power Reactor Operators
Transportation & Logistics,Logistics Analysts
Life Sciences,Geneticists
Life Sciences,Bioinformatics Technicians
Engineering & Technology,Aerospace Engineering and Operations Technologists and Technicians
Geospatial & Surveying,Cartographers and Photogrammetrists
Engineering & Technology,Validation Engineers
Management & Administrative,Architectural and Engineering Managers
Engineering & Technology,Nanosystems Engineers
Human Resources,"Human Resources Assistants, Except Payroll and Timekeeping"
Human Resources,"Compensation, Benefits, and Job Analysis Specialists"
Human Resources,Human Resources Specialists
Architecture & Design,"Architects, Except Landscape and Naval"
Architecture & Design,Architectural and Civil Drafters
Engineering & Technology,Mechanical Drafters
Environmental Science,"Environmental Science and Protection Technicians, Including Health"
Environmental Science,Industrial Ecologists
Environmental Science,Sustainability Specialists
Environmental Science,Climate Change Policy Analysts
Environmental Science,"Brownfield Redevelopment Specialists and Site Managers"
Finance & Accounting,Billing and Posting Clerks
Finance & Accounting,"Bookkeeping, Accounting, and Auditing Clerks"
Finance & Accounting,Bill and Account Collectors
Finance & Accounting,New Accounts Clerks
Finance & Accounting,Cost Estimators
Geospatial & Surveying,Remote Sensing Technicians
Geospatial & Surveying,Remote Sensing Scientists and Technologists
Geospatial & Surveying,Geographic Information Systems Technologists and Technicians
Geospatial & Surveying,Geodetic Surveyors
Geospatial & Surveying,Surveyors
Social Sciences & Economics,Economists
Social Sciences & Economics,Political Scientists
Social Sciences & Economics,Social Science Research Assistants
Social Sciences & Economics,Historians
Social Sciences & Economics,Sociologists
Hospitality & Tourism,Travel Agents
Urban Planning & Transportation,Transportation Planners
Urban Planning & Transportation,Urban and Regional Planners
Energy & Utilities,Biomass Plant Technicians
Energy & Utilities,"Energy Engineers, Except Wind and Solar"
Energy & Utilities,Biofuels Processing Technicians
Energy & Utilities,Petroleum Engineers
Energy & Utilities,Nuclear Monitoring Technicians
Energy & Utilities,Wind Energy Development Managers
Energy & Utilities,Energy Auditors
Energy & Utilities,Nuclear Technicians
Media & Entertainment,Media Technical Directors/Managers
Media & Entertainment,Audio and Video Technicians
Media & Entertainment,Sound Engineering Technicians
Media & Entertainment,Media Programming Directors
Media & Entertainment,Broadcast Announcers and Radio Disc Jockeys
Quality Control & Safety,Quality Control Analysts
Quality Control & Safety,"Health and Safety Engineers, Except Mining Safety Engineers and Inspectors"
Supply Chain & Procurement,"Buyers and Purchasing Agents, Farm Products"
Supply Chain & Procurement,"Purchasing Agents, Except Wholesale, Retail, and Farm Products"
Insurance & Risk Management,Insurance Claims and Policy Processing Clerks
Insurance & Risk Management,"Insurance Appraisers, Auto Damage"
Law Enforcement & Public Safety,Police Identification and Records Officers
Law Enforcement & Public Safety,Gambling Surveillance Officers and Gambling Investigators
Law Enforcement & Public Safety,Public Safety Telecommunicators
Mathematics & Data Science,Statisticians
Mathematics & Data Science,Mathematicians
Mathematics & Data Science,Statistical Assistants
Technical Communication,Technical Writers
Agriculture & Food Science,Precision Agriculture Technicians
Government & Public Service,"Eligibility Interviewers, Government Programs"
Records & Data Management,"Weighers, Measurers, Checkers, and Samplers, Recordkeeping"
Marketing & Advertising,Search Marketing Strategists
Library & Information Science,Archivists
Fundraising & Development,Fundraisers